Modelo,Numero de clusters,Silhouette,Davies-Bouldin,Calinski-Harabasz
K-Means,4,0.1752903797151965,1.8169275213968041,595.4739155326225
Clustering Jerárquico,4,0.13914984826048452,1.8145290302438986,485.2949007064278
